The square of 20 is	400
The number of degrees in a semicircle is	180
The capital of Armenia is	Yerevan
Earth, Wind, and	Fire
The capital city of Ecuador is A.	Quito
A rose is a type of	flower
The chemical symbol for Thallium is	Tl
Add insult to	injury
The color of the sky is usually	blue
It's not rocket	science
The opposite of buying is	selling
Beggars can't be	choosers
The capital of Namibia is	Windhoek
The opposite of heavy is	light
A shape with no corners is a	circle
The chemical symbol for Fermium is	Fm
He has bigger fish to	fry
A group of lions is called a	pride
The chemical symbol for Silver is	Ag
The atomic number of Neon is	10
The capital city of Norway is	Oslo
The bottom half of the earth is the Southern	Hemisphere
The atomic number of Iron is	26
Bronze is an alloy of	copper
The chemical symbol for Dubnium is	Db
The Earth revolves around the	Sun
The acronym NASA stands for National Aeronautics and Space	Administration
The closest planet to the sun is	Mercury
The yellow part of an egg is the	yolk
The capital city of Gabon is	Libreville
The atomic number of Potassium is	19
The abbreviation R&D stands for Research and	Development
The result of subtracting numbers is the	difference
Prisms divide white light into a	spectrum
The atomic number of Thorium is	90
The devil is in the	details
The chemical symbol for Magnesium is	Mg
The plural of cat is	cats
The chemical symbol for Calcium is	Ca
The acronym CEO stands for Chief Executive	Officer
The atomic number of Iridium is	77
A week has seven	days
The national bird of the United States is the Bald	Eagle
The past tense of go is	went
The atomic number of Thallium is	81
The abbreviation ZIP code stands for Zone Improvement	Plan
The fictional character Harry Potter is a	wizard
The capital city of the Dominican Republic is Santo	Domingo
No pain, no	gain
The planet closest to the sun is	Mercury
Batman lives in Gotham	City
Don't count your chickens before they	hatch
Little Red Riding	Hood
Live long and	prosper
The protagonist of "The Great Gatsby" is Jay	Gatsby
The play "Romeo and Juliet" was written by William	Shakespeare
The square of 8 is	64
The nickname for Florida is the Sunshine	State
Poseidon is the god of the	sea
The opposite of war is	peace
A bird in the hand is worth two in the	bush
The pot calling the kettle	black
A decades has ten	years
The abbreviation VP stands for Vice	President
The capital of Germany is	Berlin
The capital of Mongolia is	Ulaanbaatar
A baby cat is called a	kitten
The capital city of Burkina Faso is is	Ouagadougou
To Kill a	Mockingbird
The chemical symbol for Mendelevium is	Md
The abbreviation IP address stands for Internet	Protocol
The square of 13 is	169
Nobody puts Baby in a	corner
The capital of Angola is	Luanda
The primary language of Brazil is	Portuguese
Hasta la vista,	baby
The largest organ in the human body is the	skin
Put your best foot	forward
The largest ocean on Earth is the Pacific	Ocean
The atomic number of Tellurium is	52
The chemical symbol for Tellurium is	Te
RAM stands for Random Access	Memory
The atomic number of Europium is	63
The acronym DIY stands for Do It	Yourself
The atomic number of Radon is	86
A bicycle has wheels numbering	2
The capital city of Venezuela is	Caracas
The capital of Uzbekistan is	Tashkent
Madonna is the Queen of the	Pop
The atomic number of Strontium is	38
Cheese is made from	milk
The capital of Serbia is	Belgrade
The square root of 225 is	15
Gold, Frankincense, and	Myrrh
A hexagon has six	sides
The acid in lemons is citric	acid
The opposite of true is	false
Better late than	never
Nelson Mandela was the president of South	Africa
The largest ocean on Earth is the	Pacific
The cube of 6 is	216
The atomic number of Argon is	18
Miami is a city in	Florida
If it ain't broke, don't fix	it
The square of 9 is	81
The largest ocean in the world is the	Pacific
The brain is protected by the	skull
The opposite of open is	closed
Michael Jackson is the King of	Pop
The number of sides on a hendecagon is	11
An oak is a type of	tree
A century is a period of years numbering	100
The chemical symbol for Gold is	Au
The capital of El Salvador is San	Salvador
The abbreviation GUI stands for Graphical User	Interface
The atomic number of Zinc is	30
The abbreviation UI stands for User	Interface
The capital city of Estonia is	Tallinn
The chemical symbol for Actinium is	Ac
The chemical formula for glucose is	C6H12O6
The chemical symbol for Aluminum is	Al
The longest bone in the arm is the A.	humerus
There's no place like	home
Einstein developed the theory of	relativity
The shape of a stop sign is an	octagon
The opposite of man is	woman
Beam me up,	Scotty
The primary ingredient in guacamole is	avocado
The capital city of Vanuatu is Port	Vila
Blue mixed with yellow makes	green
The ball is in your	court
The number of players on a standard soccer team is	11
The author of 'The Catcher in the Rye' is J.D.	Salinger
The capital of Guinea is	Conakry
The square root of 256 is	16
ROM stands for Read Only	Memory
Kill two birds with one	stone
Necessity is the mother of	invention
We'll cross that bridge when we come to	it
The Golden Gate Bridge is in San	Francisco
Teenage Mutant Ninja	Turtles
The chemical symbol for Platinum is	Pt
Let sleeping dogs	lie
The atomic number of Astatine is	85
The number of months in a year is	12
The capital of the US state of Georgia is	Atlanta
The capital of the Czech Republic is	Prague
Neil Armstrong was the first man to walk on the	moon
The capital city of Eritrea is	Asmara
The atomic number of Chlorine is	17
The chemical symbol for Lithium is	Li
A decade consists of ten	years
A person who puts out fires is a	firefighter
The Great Wall of	China
The capital city of Thailand is	Bangkok
Baby One More	Time
The atomic number of Polonium is	84
The chemical symbol for Flerovium is	Fl
The abbreviation GPU stands for Graphics Processing	Unit
The capital of Djibouti is	Djibouti
The pH of pure water is	7
The capital of Madagascar is	Antananarivo
The square of 5 is	25
The number of days in a non-leap year is	365
To click a link you use a	mouse
A male chicken is called a A.	rooster
The atomic number of Samarium is	62
The chemical symbol for Americium is	Am
The atomic number of Chromium is	24
E equals mc	squared
The capital of Latvia is	Riga
The plural of dog is	dogs
The early bird catches the	worm
The Colosseum is located in	Rome
Binary code consists of ones and	zeros
The atomic number of Manganese is	25
The nickname for New York City is the Big	Apple
There are twenty-four hours in a	day
A Tale of Two	Cities
The capital of Sudan is	Khartoum
Pythagoras is famous for his	theorem
The capital city of Congo (Republic of the) is	Brazzaville
The atomic number of Palladium is	46
The square root of 169 is	13
The capital of Ivory Coast is	Yamoussoukro
Snow White and the seven	dwarfs
The atomic number of Antimony is	51
The chemical symbol for Cadmium is	Cd
The capital of Mauritius is Port	Louis
The number of legs on a spider is	8
The capital of Qatar is	Doha
The capital city of Papua New Guinea is Port	Moresby
The capital of Papua New Guinea is Port	Moresby
Charles Darwin's theory of	evolution
Steel is an alloy of	iron
The atomic number of Barium is	56
The acronym ASAP stands for As Soon As	Possible
A magnet attracts metals like	iron
The chemical symbol for Polonium is	Po
CPU stands for Central Processing	Unit
The protagonist of 'The Great Gatsby' is Jay	Gatsby
The number of days in a standard year is	365
The capital of Indonesia is	Jakarta
The capital city of Solomon Islands is	Honiara
The plural of man is	men
The opposite of wet is	dry
Take it with a grain of	salt
Grand Canyon National	Park
To make matters	worse
The capital of Barbados is	Bridgetown
The fictional detective living at 221B Baker Street is Sherlock	Holmes
Barking up the wrong	tree
The boiling point of liquid nitrogen in Celsius is approximately	-196
The number of days in a leap year is	366
The freezing point of water in Celsius is	0
A base has a pH higher than	7
The capital of Laos is	Vientiane
The first month of the year is	January
The square of 0 is	0
The main ingredient in bread is	flour
The main ingredient in guacamole is	avocado
The chemical symbol for Sodium is	Na
A normal year has days numbering	365
The fictional spy also known as 007 is James	Bond
The capital of Micronesia is	Palikir
A standard piano has 52 white keys and 36 black	keys
The plural of child is	children
The atomic number of Selenium is	34
The cube of 2 is	8
The chemical formula for sulfuric acid is	H2SO4
The atomic number of Copper is	29
The opposite of brother is	sister
A female lion is called a	lioness
The capital of Rwanda is	Kigali
North, South, East, and	West
The abbreviation CTO stands for Chief Technology	Officer
A blessing in	disguise
Bronze medals are for place number	3
Tony Stark is Iron	Man
The atomic number of Krypton is	36
All good things must come to an	end
Cupid is the god of	love
The square root of 400 is	20
The capital of Malaysia is Kuala	Lumpur
Birds of a feather flock	together
To infinity and	beyond
Coffee contains the stimulant	caffeine
A leap year has 366	days
The titanic sank after hitting an	iceberg
The highest mountain in the world is Mount	Everest
Plants absorb carbon	dioxide
The capital of Philippines is	Manila
The currency of Russia is the	Ruble
The capital city of Senegal is	Dakar
The atomic number of Cadmium is	48
The atomic number of Sodium is	11
A millennium is a period of years numbering	1000
The capital of Arizona is	Phoenix
The capital of New Zealand is	Wellington
The abbreviation IQ stands for Intelligence	Quotient
The capital of Iraq is	Baghdad
The number of keys on a standard piano is	88
The abbreviation IDE stands for Integrated Development	Environment
The lead singer of Queen was Freddie	Mercury
Goldilocks and the three	bears
Martin Luther King	Jr.
The giant panda is native to	China
The atomic number of Calcium is	20
The number of centimeters in a meter is	100
The atomic number of Sulfur is	16
The chemical symbol for Niobium is	Nb
The chemical symbol for Ruthenium is	Ru
The opposite of brave is	cowardly
In basketball, you shoot the ball into a	hoop
The symbol for iron on the periodic table is	Fe
The Strange Case of Dr. Jekyll and Mr.	Hyde
The Titanic sank after hitting an	iceberg
The pigment that makes plants green is	chlorophyll
The abbreviation CEO stands for Chief Executive	Officer
Queen includes Freddie	Mercury
The number of years in a decade is	10
The basic unit of life is the	cell
A fire requires fuel and	oxygen
The person who flies an airplane is a	pilot
Better safe than	sorry
The capital of the US state of Utah is Salt Lake	City
The atomic number of Phosphorus is	15
God Save the	Queen
Another One Bites the	Dust
The capital city of Cyprus is	Nicosia
The chemical symbol for Rhodium is	Rh
The capital city of Nepal is	Kathmandu
The plural of woman is	women
The capital of North Korea is	Pyongyang
The atomic number of Tin is	50
The giant panda primarily eats	bamboo
The capital city of Germany is	Berlin
Christopher Columbus sailed the ocean	blue
The abbreviation WAN stands for Wide Area	Network
Life is like a box of	chocolates
The opposite of big is	small
Curiosity killed the	cat
The abbreviation WIFI stands for Wireless	Fidelity
The chemical symbol for Zinc is	Zn
A shaking of the ground is an	earthquake
The capital of Saudi Arabia is	Riyadh
The galaxy that contains our solar system is the Milky	Way
The capital city of Croatia is	Zagreb
The capital of Argentina is Buenos	Aires
The ancient structure in Rome used for gladiator fights is the	Colosseum
The number of ounces in a pound is	16
Diamonds are made of	carbon
World War II began in	1939
The opposite of hot is	cold
The atomic number of Carbon is	6
The geometric shape with eight sides is an	octagon
A penny for your	thoughts
The atomic number of Actinium is	89
The capital of Belarus is	Minsk
The abbreviation SaaS stands for Software as a	Service
We Will Rock	You
Blood is thicker than	water
The chemical symbol for Californium is	Cf
Tacos are traditionally from	Mexico
The number of sides on a decagon is	10
World War I began in	1914
The atomic number of Bromine is	35
The capital of Eritrea is	Asmara
The capital city of Zambia is	Lusaka
I think therefore I	am
The square root of 49 is	7
The atomic number of Indium is	49
The largest state in the US by area is	Alaska
The chemical symbol for Helium is	He
The author of 'To Kill a Mockingbird' is Harper	Lee
Don't bite the hand that feeds	you
The number of weeks in a year is	52
Keep your chin	up
The number of minutes in an hour is	60
Oops!... I Did It	Again
The largest bird in the world is the	ostrich
The capital of Estonia is	Tallinn
The acronym NATO stands for North Atlantic Treaty	Organization
Variety is the spice of	life
The atomic number of Tungsten is	74
The abbreviation SEO stands for Search Engine	Optimization
The capital of North Macedonia is	Skopje
Frankenstein created a	monster
Hit the nail on the	head
The chemical symbol for Curium is	Cm
Sherlock Holmes and Dr.	Watson
The chemical symbol for Plutonium is	Pu
The chemical symbol for Krypton is	Kr
Easy come, easy	go
The founder of Microsoft is Bill	Gates
The abbreviation CLI stands for Command Line	Interface
The atomic number of Rhenium is	75
The atomic number of Nitrogen is	7
The atomic number of Gold is	79
The solid form of carbon dioxide is dry	ice
The chemical symbol for Xenon is	Xe
The capital city of Liberia is	Monrovia
The abbreviation UX stands for User	Experience
The chemical symbol for Germanium is	Ge
Spring, Summer, Fall, and	Winter
United States Declaration of	Independence
The capital city of Congo (Democratic Republic of the) is	Kinshasa
The colors of the US flag are red, white, and	blue
The US declared independence in	1776
A triangle has three	sides
Where there's smoke, there's	fire
A dozen implies the number	12
The tallest mammal is the	giraffe
The speed of sound is slower than the speed of	light
The Mona Lisa was painted by Leonardo da	Vinci
The closest galaxy to the Milky Way is	Andromeda
The square of 11 is	121
The founder of Amazon is Jeff	Bezos
The unit of electric current is the	Ampere
The opposite of hard is	soft
The holy city for Muslims is A.	Mecca
By the skin of your	teeth
The square root of 16 is	4
The main character in "The Catcher in the Rye" is Holden	Caulfield
The color of grass is usually	green
The process by which plants make food is	photosynthesis
The square of 14 is	196
Out of sight, out of	mind
The capital city of Argentina is Buenos	Aires
The liquid inside a thermometer is often	mercury
The tallest land animal is the	giraffe
The fictional spy 007 is James	Bond
The chemical symbol for Nickel is	Ni
The abbreviation OS stands for Operating	System
The abbreviation B2C stands for Business to	Consumer
The abbreviation AKA stands for Also Known	As
The atomic number of Neodymium is	60
The star at the center of our solar system is the	Sun
The chemical symbol for Iron is	Fe
The longest river in Africa is the	Nile
The acronym USA stands for United States of	America
The Berlin Wall fell in	1989
The capital of Suriname is	Paramaribo
The square of 15 is	225
The capital of Ethiopia is Addis	Ababa
The square root of 64 is	8
The capital of Wyoming is	Cheyenne
The atomic number of Neptunium is	93
The abbreviation LTE stands for Long Term	Evolution
The smallest bone in the human body is the	stapes
The chemical symbol for Beryllium is	Be
Plants release oxygen into the	air
The capital of the Philippines is	Manila
The author of 'The Lord of the Rings' is J.R.R.	Tolkien
Facebook is a social	network
A carrot is a type of	vegetable
The capital of Japan is	Tokyo
The capital of Italy is	Rome
The currency of Europe is the	Euro
The central part of an atom is the	nucleus
The abbreviation PIN stands for Personal Identification	Number
The capital city of Slovakia is	Bratislava
Thor is the god of	thunder
The capital of Samoa is	Apia
The atomic number of Thulium is	69
George Washington was the first US	president
Luke Skywalker's father is Darth	Vader
The pen is mightier than the	sword
The number of hours in a day is	24
The chemical symbol for Darmstadtium is	Ds
The atomic number of Yttrium is	39
The atomic number of Ruthenium is	44
The atomic number of Erbium is	68
The abbreviation PR stands for Public	Relations
Water boils at 100 degrees	Celsius
The abbreviation HTTP stands for Hypertext Transfer	Protocol
Your guess is as good as	mine
The grass is always greener on the other	side
The main ingredient in an omelet is	eggs
The capital of Vanuatu is Port	Vila
Mount Rushmore is in South	Dakota
The chemical symbol for Tennessine is	Ts
The opposite of rich is	poor
The past tense of run is	ran
Wood comes from	trees
The opposite of up is	down
The value of the gravitational constant g on Earth is approximately 9.8	m/s^2
Nike Just Do	It
The capital of Congo (Republic) is	Brazzaville
The chemical symbol for Copper is	Cu
The number of grams in a kilogram is	1000
The capital of Yemen is	Sanaa
The atomic number of Aluminum is	13
The nickname for Texas is the Lone Star	State
The fictional detective Hercule Poirot was created by Agatha	Christie
The capital of Portugal is	Lisbon
Photosynthesis requires light from the	Sun
A baby dog is called a	puppy
The atomic number of Nickel is	28
The capital of Iceland is	Reykjavik
The abbreviation B2B stands for Business to	Business
The acronym UK stands for United	Kingdom
A bicycle has two	wheels
The currency used in Mexico is the	Peso
The atomic number of Dysprosium is	66
The Godfather made him an offer he couldn't	refuse
The first US President was George	Washington
The Magna Carta was signed in	1215
The abbreviation QA stands for Quality	Assurance
Water freezes and becomes	ice
The atomic number of Radium is	88
The acronym CIA stands for Central Intelligence	Agency
You're gonna need a bigger	boat
It's raining cats and	dogs
The atomic number of Uranium is	92
The capital of Congo (Democratic Republic) is	Kinshasa
The number of degrees in a right angle is	90
The capital of New Jersey is	Trenton
The capital of Romania is	Bucharest
Beef comes from a	cow
The capital city of Panama is Panama	City
The Beatles were John, Paul, George, and	Ringo
No news is good	news
The atomic number of Titanium is	22
The scientific term for the skull is the	cranium
The theoretical speed limit of the universe is the speed of	light
Two heads are better than	one
The atomic number of Mercury is	80
Time flies when you're having	fun
Brass is an alloy of	copper
The number of faces on a dodecahedron is	12
The capital of Gambia is	Banjul
The chemical symbol for Nobelium is	No
The collapse of the Soviet	Union
The Lord of the	Rings
Alexander Graham Bell invented the	telephone
The chemical symbol for Osmium is	Os
The atomic number of Helium is	2
Pearl Harbor is in	Hawaii
John F. Kennedy was assassinated in	Dallas
The capital city of Ethiopia is Addis	Ababa
The abbreviation SSN stands for Social Security	Number
The atomic number of Boron is	5
The capital of South Sudan is	Juba
The number of strings on a standard violin is	4
The capital of Guatemala is Guatemala	City
The number of items in a baker's dozen is	13
The atomic number of Fluorine is	9
The geometric term for a 3D square is a	cube
The scientific study of life is called a.	biology
The only natural satellite of Earth is the	Moon
The chemical symbol for Cobalt is	Co
The atomic number of Silver is	47
The abbreviation AD stands for Anno	Domini
The atomic number of Gadolinium is	64
A person who treats teeth is a	dentist
The chemical symbol for Tantalum is	Ta
The protagonist of "The Lord of the Rings" is Frodo	Baggins
The study of the past is called	history
The abbreviation CFO stands for Chief Financial	Officer
The atomic number of Terbium is	65
The plural of tooth is	teeth
The capital of Zimbabwe is	Harare
Drastic times call for drastic	measures
The atomic number of Praseodymium is	59
The plural of goose is	geese
The capital city of Italy is	Rome
The Space Needle is in	Seattle
A group of wolves is called a	pack
Michelangelo painted the Sistine	Chapel
The capital of Haiti is	Port-au-Prince
To be or not to	be
The primary colors are Red, Blue, and	Yellow
The atomic number of Molybdenum is	42
The abbreviation MP4 is a video	format
Louis Pasteur developed the process of	pasteurization
The abbreviation IT stands for Information	Technology
The capital of Sri Lanka is Sri Jayawardenepura	Kotte
The third planet from the Sun is	Earth
The boiling point of water in Fahrenheit is	212
The chemical symbol for Livermorium is	Lv
The capital of Lithuania is	Vilnius
Beauty is in the eye of the	beholder
A dime a	dozen
The abbreviation IPO stands for Initial Public	Offering
The opposite of boy is	girl
The square of 12 is	144
The chemical symbol for Copernicium is	Cn
The tallest mountain in the world above sea level is Mount	Everest
The King of Rock and	Roll
I see dead	people
The abbreviation HR stands for Human	Resources
The chemical symbol for Strontium is	Sr
The current CEO of Tesla is Elon	Musk
The result of dividing numbers is the	quotient
The chemical symbol for Technetium is	Tc
Darwin proposed the theory of	evolution
To get bent out of	shape
The abbreviation ATM stands for Automated Teller	Machine
In baseball, you hit the ball with a	bat
The Titanic hit an	iceberg
The capital of Netherlands is	Amsterdam
Any number to the power of zero is	1
The square of 6 is	36
The speed of light is approximately 300,000 km per	second
The deepest known point in the Earth's oceans is the Mariana	Trench
The number of bones in an adult human skeleton is	206
Leave no stone	unturned
Beyoncé was in Destiny's	Child
The capital city of Djibouti is	Djibouti
A tadpole turns into a	frog
Cinderella lost her glass	slipper
The mythical bird that rises from its ashes is the	phoenix
Romeo and Juliet was written by William	Shakespeare
The atomic number of Hafnium is	72
The number of stripes on the US flag is	13
The famous wall that fell in 1989 was the Berlin	Wall
The sum of angles in a triangle is 180	degrees
The abbreviation TBA stands for To Be	Announced
Too many cooks spoil the	broth
The atomic number of Technetium is	43
An apple a day keeps the doctor	away
The capital of Chad is	N'Djamena
The chemical symbol for Bromine is	Br
The square root of 25 is	5
The natural satellite of the Earth is the	Moon
The chemical symbol for Iridium is	Ir
The chemical symbol for Rutherfordium is	Rf
The famous physicist who developed the theory of relativity is Albert	Einstein
The abbreviation DNS stands for Domain Name	System
The Earth revolves around a star called the	Sun
Pork comes from a	pig
The periodic table of	elements
The cube of 3 is	27
The fundamental unit of matter is the	atom
Bees collect nectar to make	honey
Eminem is specifically known as Slim	Shady
The capital of Burkina Faso is	Ouagadougou
The current geologic epoch is the	Holocene
The capital of Cyprus is	Nicosia
Humans breathe in oxygen and breathe out carbon	dioxide
The abbreviation AR stands for Augmented	Reality
The atomic number of Lutetium is	71
The abbreviation BC stands for Before	Christ
A person who teaches students is a	teacher
The capital city of Armenia is	Yerevan
The abbreviation SSD stands for Solid State	Drive
A square has four equal	sides
The chemical symbol for Titanium is	Ti
The capital of Slovenia is	Ljubljana
The mythical king of Camelot was King	Arthur
The atomic number of Vanadium is	23
The capital of Denmark is	Copenhagen
The chemical symbol for Uranium is	U
The square root of 36 is	6
The capital of Grenada is St.	George's
The capital city of Ivory Coast is	Yamoussoukro
Baguettes are traditionally from	France
The opposite of dark is	light
The abbreviation RAM stands for Random Access	Memory
The capital city of Madagascar is	Antananarivo
Keep your friends close, but your enemies	closer
The instrument used to measure air pressure is a	barometer
Laughter is the best	medicine
The abbreviation USB stands for Universal Serial	Bus
D-Day happened in the year	1944
Cross that bridge when you come to	it
The chemical symbol for Oganesson is	Og
The chemical symbol for Astatine is	At
Wine is made from	grapes
Bruce Banner turns into the	Hulk
The square root of 196 is	14
The atomic number of Rubidium is	37
The result of 5 squared is	25
Out of the frying pan and into the	fire
The Pyramids of	Giza
The CEO of Apple is Tim	Cook
A decade is a period of years numbering	10
The atomic number of Lead is	82
The number of continents is usually considered to be	7
The atomic number of Ytterbium is	70
The largest mammal in the world is the Blue	Whale
The attack on Pearl	Harbor
The Pyramids are located in	Egypt
Apples grow on	trees
The formula for table salt is	NaCl
The capital of Moldova is	Chisinau
The natural disaster characterized by shaking ground is an	earthquake
Picasso was a famous	painter
The capital city of Angola is	Luanda
Ford popularized the assembly	line
The capital of Iran is	Tehran
The capital of Ukraine is	Kyiv
Peanut butter and	jelly
The longest river in South America is the	Amazon
The capital of Tunisia is	Tunis
The number of millimeters in a centimeter is	10
The number of sides on a nonagon is	9
Google is a search	engine
The amphibian that starts life as a tadpole is a A.	frog
Spider-Man's alter ego is Peter	Parker
The chemical symbol for Arsenic is	As
It takes two to	tango
The instrument used to see stars is a	telescope
The abbreviation URL stands for Uniform Resource	Locator
The CEO of Amazon is Andy	Jassy
The chemical symbol for Bismuth is	Bi
Let the cat out of the	bag
The civil rights	movement
Zeus was the king of the	gods
The number of bones in an adult human body is	206
The Titanic was a famous	ship
The cube root of 1000 is	10
The Great Pyramids are located in	Egypt
To make a long story	short
Julius Caesar was assassinated on the Ides of	March
Harry Potter and the Sorcerer's	Stone
The atomic number of Protactinium is	91
The capital city of New Zealand is	Wellington
The chemical symbol for Gallium is	Ga
The chemical symbol for Molybdenum is	Mo
The chemical symbol for Berkelium is	Bk
The currency of India is the	Rupee
The first president of the United States was George	Washington
The number of days in February during a leap year is	29
The abbreviation GPS stands for Global Positioning	System
The Beatles were a band from	Liverpool
The square of 7 is	49
Every cloud has a silver	lining
The best of both	worlds
The cube of 7 is	343
The cube of 10 is	1000
The Equator is at latitude	0
Tobacco contains the chemical	nicotine
The unit of measurement for distance in the metric system is the	meter
The chemical formula for ammonia is	NH3
The capital city of Cambodia is Phnom	Penh
Pi is approximately 3 point	14
The capital of Slovakia is	Bratislava
Napoleon Bonaparte was an emperor of	France
You can lead a horse to water, but you can't make him A.	drink
The square of 4 is	16
The chemical symbol for Einsteinium is	Es
The freezing point of water in Fahrenheit is	32
The chemical symbol for Francium is	Fr
The chemical formula for hydrochloric acid is	HCl
The founder of Facebook is Mark	Zuckerberg
The tall tower in Paris is the Eiffel	Tower
The opposite of young is	old
A leap year has days numbering	366
The capital of Austria is	Vienna
The number of degrees in a circle is	360
The atomic number of Silicon is	14
The capital city of Malawi is	Lilongwe
The atomic number of Francium is	87
Once in a blue	moon
The abbreviation SDK stands for Software Development	Kit
The study of the earth is called A.	Geology
The capital of Uruguay is	Montevideo
A picture is worth a thousand	words
The capital of Pakistan is	Islamabad
May the odds be ever in your	favor
The capital of Bhutan is	Thimphu
The famous theoretical physicist confined to a wheelchair was Stephen	Hawking
The atomic number of Iodine is	53
The atomic number of Cobalt is	27
The abbreviation FAQ stands for Frequently Asked	Questions
Las Vegas is in the state of	Nevada
The capital of Guinea-Bissau is	Bissau
The chemical formula for methane is	CH4
Smells Like Teen	Spirit
The chemical symbol for Roentgenium is	Rg
The capital city of Gambia is is	Banjul
The chemical symbol for Indium is	In
The capital of the US state of Massachusetts is	Boston
The Prime Meridian is at longitude	0
The main food of pandas is	bamboo
Don't put all your eggs in one	basket
The last month of the year is	December
The color of snow is	white
The number of states in the United States is	50
The layer of Earth below the crust is the A.	mantle
The currency used in India is the	Rupee
The capital of Costa Rica is San	Jose
Mars is the Roman god of	war
The freezing point of water in Kelvin is	273
A group of fish is called a	school
The capital of Trinidad and Tobago is Port of	Spain
The capital of Zambia is	Lusaka
The number of teeth in a full adult set is	32
A group of birds is called a	flock
The legal driving age in many places is	16
The capital city of East Timor is	Dili
The atomic number of Platinum is	78
The capital city of South Africa (administrative) is	Pretoria
The square root of 100 is	10
The capital of Solomon Islands is	Honiara
The capital of Sweden is	Stockholm
The colors of the rainbow are Roy G	Biv
The capital of Albania is	Tirana
Go ahead, make my	day
The Wright brothers invented the	airplane
There are 1000 years in a	millennium
The substance that gives plants their green color is	chlorophyll
The long nose of an elephant is called a A.	trunk
The prickly plant found in deserts is a A.	cactus
The atomic number of Magnesium is	12
The capital of Uganda is	Kampala
The cube of 4 is	64
The CEO of Google is Sundar	Pichai
The capital of Finland is	Helsinki
The number of cards in a standard deck is	52
The atomic number of Bismuth is	83
The capital of Somalia is	Mogadishu
The atomic number of Niobium is	41
The chemical symbol for Zirconium is	Zr
The Twin Towers fell in	2001
The natural satellite of Earth is the	Moon
The chemical symbol for Lead is	Pb
The capital of Lesotho is	Maseru
The boiling point of water in Kelvin is	373
The large intestine is also known as the	colon
The author of 'Pride and Prejudice' is Jane	Austen
The atomic number of Tantalum is	73
The atomic number of Promethium is	61
The inventor of the lightbulb was Thomas	Edison
The currency of Mexico is the	Peso
Hook, line, and	sinker
Thomas Edison invented the light	bulb
The atomic number of Lithium is	3
The square root of 144 is	12
The number of milliliters in a liter is	1000
The capital of Jamaica is	Kingston
The chemical symbol for Tin is	Sn
The type of rock formed from magma is A.	igneous
The chemical symbol for Thorium is	Th
The unit used to measure electric current is the	Ampere
Hawaii is an	island
The center of an atom is called the	nucleus
The capital of Central African Republic is	Bangui
The main ingredient in hummus is	chickpeas
The capital city of Rwanda is	Kigali
The past tense of is is	was
The currency of the European Union is the	Euro
The abbreviation API stands for Application Programming	Interface
The abbreviation ETA stands for Estimated Time of A.	Arrival
The cube of 5 is	125
Abraham Lincoln gave the Gettysburg	Address
The square of 10 is	100
The abbreviation SQL stands for Structured Query	Language
The chemical formula for carbon monoxide is	CO
Red, White, and	Blue
Graphite is made of	carbon
The chemical symbol for Hydrogen is	H
The capital city of Sierra Leone is	Freetown
The square of 1 is	1
The plural of mouse is	mice
The result of adding numbers is the	sum
The abbreviation AI stands for Artificial	Intelligence
The square of 16 is	256
Aladdin and his magic	lamp
The capital city of Haiti is	Port-au-Prince
The capital city of Sri Lanka (legislative) is Sri Jayawardenepura	Kotte
Columbus sailed the ocean	blue
Guglielmo Marconi invented the	radio
The chemical symbol for Barium is	Ba
The capital city of Central African Republic is	Bangui
The abbreviation CSS stands for Cascading Style	Sheets
The atomic number of Cerium is	58
The capital city of Mongolia is	Ulaanbaatar
The atomic number of Osmium is	76
In tennis, you hit the ball over a	net
The capital of the US state of North Carolina is	Raleigh
The elephant in the	room
The abbreviation VPN stands for Virtual Private	Network
The capital city of Slovenia is	Ljubljana
The result of multiplying numbers is the	product
The capital of Belize is	Belmopan
The capital of South Africa consists of Cape Town, Bloemfontein, and	Pretoria
The currency used in Russia is the	Ruble
Genghis Khan was a leader of the	Mongols
The capital of Bahrain is	Manama
The capital of Tonga is	Nuku'alofa
The founder of Apple Inc. was Steve	Jobs
The number of sides on a dodecagon is	12
The capital city of Iceland is	Reykjavik
The capital of Liberia is	Monrovia
The capital of Cambodia is Phnom	Penh
Sushi is traditionally made with raw	fish
The first man on the moon was Neil	Armstrong
The galaxy we live in is the Milky	Way
The capital of Hungary is	Budapest
DNA is the building block of	life
The United States of	America
The top half of the earth is the Northern	Hemisphere
The author of Harry Potter is J.K.	Rowling
The number of teeth in an adult human is	32
The author of "Adventures of Huckleberry Finn" is Mark	Twain
The chemical symbol for Manganese is	Mn
The capital of Senegal is	Dakar
The atomic number of Arsenic is	33
The capital of Tuvalu is	Funafuti
Fortune favors the	bold
The capital city of Somalia is	Mogadishu
The capital of Malawi is	Lilongwe
The shape with five sides is a	pentagon
The chemical symbol for Hassium is	Hs
The freezing point of water is 0 degrees	Celsius
The abbreviation P2P stands for Peer to	Peer
The abbreviation AM stands for Ante	Meridiem
The capital city of Jamaica is	Kingston
Actions speak louder than	words
The capital of Paraguay is	Asuncion
The capital of Dominican Republic is Santo	Domingo
You can't handle the	truth
The number of sides on a pentagon is	5
The abbreviation VR stands for Virtual	Reality
The ancient civilization that built Machu Picchu was the	Inca
Nirvana's lead singer was Kurt	Cobain
You can't judge a book by its	cover
The abbreviation HTML stands for Hypertext Markup	Language
Frankenstein was written by Mary	Shelley
Charles Darwin proposed the theory of	evolution
The capital of Croatia is	Zagreb
The capital of Nicaragua is	Managua
An apple is a type of	fruit
The capital city of Chad is	N'Djamena
Back to the drawing	board
The company that makes Windows is	Microsoft
The geometric shape of a stop sign is an	octagon
Bell invented the	telephone
The number of degrees in a straight line is	180
Adolf Hitler was the dictator of	Germany
The atomic number of Xenon is	54
The capital city of Tonga is	Nuku'alofa
The author of '1984' is George	Orwell
A person who flies a plane is a	pilot
The chemical symbol for Mercury is	Hg
The atomic number of Oxygen is	8
The capital of North Dakota is	Bismarck
Good things come to those who	wait
The capital of Panama is Panama	City
The primary language spoken in Spain is	Spanish
The abbreviation UV stands for Ultra	Violet
The abbreviation DOB stands for Date of	Birth
The boiling point of water in Celsius is	100
The currency of the Eurozone is the	Euro
The atomic number of Zirconium is	40
The process of water vapor turning into liquid is A.	condensation
The author of "Pride and Prejudice" is Jane A.	Austen
The capital of Eswatini is	Mbabane
The capital of Honduras is	Tegucigalpa
When in Rome, do as the Romans	do
The chemical formula for water is	H2O
The acronym VIP stands for Very Important	Person
The author of 'Romeo and Juliet' is William	Shakespeare
The capital of Venezuela is	Caracas
The capital city of Latvia is	Riga
The capital of Norway is	Oslo
The abbreviation CRM stands for Customer Relationship	Management
There are 100 years in a	century
The abbreviation ISP stands for Internet Service	Provider
The capital city of Malaysia is Kuala	Lumpur
A dog has four legs and one	tail
The atomic number of Hydrogen is	1
The chemical symbol for Nihonium is	Nh
The atomic number of Lanthanum is	57
The acronym FBI stands for Federal Bureau of	Investigation
The abbreviation KPI stands for Key Performance	Indicator
An octagon has eight	sides
A baby cow is called a	calf
The atomic number of Holmium is	67
The capital of Myanmar (Burma) is	Naypyidaw
The fruit that famously fell on Isaac Newton's head is an	apple
The scientist who developed the theory of relativity is Albert	Einstein
The value of Pi is approximately	3.14
May the Force be with	you
The atomic number of Beryllium is	4
Johannes Gutenberg invented the printing	press
The stripes on a zebra are black and	white
The chemical symbol for Moscovium is	Mc
The hole in the center of the eye is the A.	pupil
The opposite of day is	night
Survival of the	fittest
The legal voting age in the US is	18
The number of great lakes in North America is	5
The opposite of entrance is	exit
The square of 3 is	9
Gandhi led India to	independence
H20 is the chemical formula for	water
The opposite of black is	white
The chemical symbol for Rubidium is	Rb
The capital city of Sudan is	Khartoum
The abbreviation RIP stands for Rest In	Peace
Han Solo and	Chewbacca
A shape with four equal sides is a	square
The plural of foot is	feet
The capital city of Samoa is	Apia
The chemical symbol for Selenium is	Se
Mount Everest is the highest mountain in the	world
Frankly, my dear, I don't give a	damn
A shape with three sides is a	triangle
The acid found in the stomach is hydrochloric	acid
The capital of Sierra Leone is	Freetown
The author of "1984" is George	Orwell
Mars is often called the Red	Planet
The atomic number of Rhodium is	45
The capital of Marshall Islands is	Majuro
The abbreviation ROI stands for Return on	Investment
A century consists of one hundred	years
The abbreviation PM stands for Post	Meridiem
Houston, we have a	problem
The chemical symbol for Radium is	Ra
Stop, drop, and	roll
The Wizard of	Oz
The square root of 121 is	11
The abbreviation TBD stands for To Be	Determined
The first letter of the alphabet is	A
The fictional bear who loves honey is Winnie the	Pooh
The chemical symbol for Cesium is	Cs
Rome wasn't built in a	day
The capital of Thailand is	Bangkok
The capital of Nepal is	Kathmandu
The fastest land animal is the	cheetah
The atomic number of Cesium is	55
Cry over spilt	milk
The sum of angles in a triangle is	180
The atomic number of Scandium is	21
Toto, I've got a feeling we're not in Kansas	anymore
Cleopatra was a queen of	Egypt
The abbreviation HDD stands for Hard Disk	Drive
The square root of 81 is	9
Water is composed of hydrogen and	oxygen
The shape of a DNA molecule is a double	helix
The abbreviation PDF stands for Portable Document	Format
Slow and steady wins the	race
The structure in China visible from space is the Great	Wall
The capital of Gabon is	Libreville
An acid has a pH lower than	7
Superman is from the planet	Krypton
