Москва — столица	России
Вход — чтобы войти, а выход — чтобы	выйти
Вилочка — уменьшительное от	вилка
На 10 делится любое число, которое заканчивается на	0
60 + 60 =	120
Глаза — зеркало	души
Чтобы помыть руки, нужны вода и	мыло
Тише едешь, дальше	будешь
Тысяча минус один равно девятьсот девяносто	девять
Самолет летит по небу, а подлодка плывет под	водой
Таблетки пьют, а мазь	наносят
Юпитер — самая большая планета, Меркурий — самая	маленькая
Налог платят государству, штраф — за	нарушение
Листья на деревьях летом зеленые, а осенью	желтые
Своя рубашка ближе к	телу
Книгу делают из	бумаги
Пирамиды в Египте, а Колизей в	Риме
Октагон — это	восьмиугольник
Пол внизу, потолок	наверху
Выходные — суббота и воскресенье, будни — с понедельника по	пятницу
Интернет — это сеть, а компьютер — это	устройство
В неделе семь	дней
30 - 1 =	29
У человека один нос, но два	глаза
Ногти растут на пальцах, а волосы на	голове
Картофель — это корнеплод, а вишня — это	ягода
Чтобы войти в комнату, нужно сначала открыть	дверь
Тень повторяет форму, но не повторяет	цвет
Если на часах 12:59, то через минуту	13:00
Шторы — на окна, а картина — на	стену
Зарплату платят за работу, стипендию за	учебу
Теория требует доказательств, аксиома не требует	доказательств
Физика изучает природу, химия изучает	вещества
1 + 1 =	2
300 + 300 =	600
Молоток — это инструмент, а береза — это	дерево
Если сложить две половинки, получится	целое
7 + 7 =	14
Пять умножить на один равно	пять
У квадрата все стороны	равны
Последовательность: 5, 10, 15,	20
В последнюю очередь сложение и	вычитание
Рай на небе, ад под	землей
Железо тяжелое, а пух	легкий
Плоскость двумерная, пространство	трехмерное
Глобус — это модель	Земли
Компас указывает на север, мох растет с	севера
8 + 8 =	16
Последовательность: 9, 8, 7,	6
Цена — сколько стоит, сдача — сколько	осталось
Акула живет в море, а волк в	лесу
Кратеры на Луне, пятна на	Солнце
Дельфин умный, а медуза	глупая
9 + 9 =	18
Диаметр — это два радиуса, радиус — это половина	диаметра
Луч имеет начало, но не имеет	конца
Лимон — это	фрукт
Медаль за 1 место — золотая, за 2 место —	серебряная
Бинокль для двух глаз, а монокуляр для	одного
Сумку несут в руке, а рюкзак на	спине
123, 124, 125,	126
Февраль — самый короткий	месяц
Камень тонет, а пробка	всплывает
Астана — столица	Казахстана
Самолеты летают, а корабли	плавают
Если поделить торт на 8 частей, одна часть — это одна	восьмая
Если сегодня суббота, то вчера была	пятница
Потолок сверху, а пол	снизу
Мама — это женщина, а папа — это	мужчина
1 умножить на 555 равно	555
Растения выделяют кислород, а поглощают углекислый	газ
Если лед растопить, получится	вода
Очки нужны для глаз, а наушники для	ушей
Удвоенное число 3 — это	6
1000 - 1 =	999
Если воду заморозить, получится	лед
Полоски у тигра, грива у	льва
Ботинки надевают на ноги, а перчатки на	руки
Дуэт — это 2 исполнителя, соло — это	1
101, 102, 103,	104
Скобки определяют порядок	действий
Импульс равен масса умножить на	скорость
График линейной функции — это	прямая
Без пятнадцати три — это 2 часа 45	минут
У квадрата 4 стороны, у пятиугольника	5
Фотоаппарат делает снимки, а видеокамера снимает	видео
Часы носят на	руке
Дуб — лиственное дерево, а ель —	хвойное
Квадратный корень из 25 равен	5
Большая Медведица — созвездие, Полярная —	звезда
Убийца убивает, а спасатель	спасает
Столица Китая —	Пекин
Если скорость 60 км/ч, то за 2 часа проедешь 120	км
Январь — первый месяц, декабрь —	последний
Вулкан извергает лаву, гейзер извергает	воду
Горчица острая, а мед	сладкий
В сутках минут	1440
Секунда — единица времени, метр — единица	длины
Кинетическая энергия зависит от квадрата	скорости
Крыша защищает сверху, а фундамент держит	снизу
Площадь квадрата равна сторона умножить на	сторону
Река впадает в	море
Произведение взаимно обратных чисел равно	единице
Воздушный шар летит вверх, а камень падает	вниз
Тигр — хищник, а олень —	травоядный
Корова дает молоко, а пчела дает	мед
15, 12, 9,	6
У птицы крылья, у человека	руки
Холодильник хранит холод, а печь дает	тепло
Покупатель платит деньги, а продавец отдает	товар
Уголь черный, снег	белый
Квадрат числа пять равен двадцати	пяти
У коровы телёнок, а у лошади	жеребёнок
Квадратный корень из 81 равен	9
Среда — середина недели, четверг — четвертый	день
60 - 1 =	59
Понедельник — первый день недели, а вторник —	второй
Восемь плюс восемь равно	шестнадцать
5 + 5 =	10
997, 998, 999,	1000
Утюг гладит, а стиральная машина	стирает
50 + 50 =	100
Римская цифра D — это	500
Логика учит мыслить, риторика учит	говорить
У верблюда есть горб, а у жирафа длинная	шея
Скрипка играет тихо, а труба	громко
6 + 6 =	12
Прямой угол — это 90	градусов
Птицы летают, а рыбы	плавают
999 + 1 =	1000
Бегун быстрый, шахматист	умный
Если смешать желтый и синий цвета, то получится	зеленый
Город шумный, деревня	тихая
Чемодан — для одежды, а портфель — для	документов
Без воздуха человек не может	дышать
Точка — начало линии, линия — это множество	точек
У рубашки есть рукава, а у жилетки их	нет
Мылом моют руки, а шампунем моют	волосы
День Победы — 9	мая
5678 — это пять тысяч шестьсот семьдесят	восемь
Лес состоит из деревьев, а библиотека из	книг
Седан — легковая, фура —	грузовая
Если x / 2 = 5, то x =	10
Число 10 в квадрате — 100, число 10 в кубе —	1000
После декабря наступает	январь
Сначала идет завтрак, потом	обед
Плавание — в воде, бег — на	суше
Дым поднимается вверх, а дождь падает	вниз
В году двенадцать месяцев, а в неделе семь	дней
Последовательность: 100, 200, 300,	400
Гора высокая, а впадина	глубокая
Вокзал для поездов, аэропорт для	самолетов
Тарелка плоская, миска	глубокая
800 - 1 =	799
Билет на поезд, посадочный талон на	самолет
Если умножить 2 на 3, получим	6
Пингвины живут в Антарктиде, а белые медведи в	Арктике
Не всё то золото, что	блестит
Орел — это птица, а щука — это	рыба
Кузнец кует металл, а гончар лепит из	глины
Синонимы — слова близкие по значению, антонимы —	противоположные
Скорость звука в воздухе (примерно) 340 метров в	секунду
Самое большое однозначное число —	9
Число, идущее после 19, это	20
Луна отражает свет	солнца
Десять плюс десять равно	двадцать
Предложение начинается с большой буквы, а заканчивается	точкой
Шесть плюс шесть равно	двенадцать
У муравья 6 лап, у жука тоже	6
Если брат — мальчик, то сестра —	девочка
Семь бед — один	ответ
Самый короткий месяц — это	февраль
При нагревании вода превращается в	пар
Вирус вредит компьютеру, а антивирус	защищает
Если разделить 6 на 2, получим	3
Айсберг в океане, бархан в	пустыне
Лифт поднимает, лестница тоже	поднимает
Арбуз большой, а вишня	маленькая
Одиннадцать плюс одиннадцать равно двадцать	два
В часе 60 минут, в полчаса	30
Радио слушают, а телевизор	смотрят
444 + 1 =	445
Кольцо носят на	пальце
Пара — это 2, а две пары — это	4
Дождь льет, снег	идет
Антон выше Бориса, значит Борис	ниже
Водитель управляет автобусом, а пилот управляет	самолетом
Столица Испании —	Мадрид
Сыр делают из молока, а вино из	винограда
Число, идущее перед 20, это	19
Ящик выдвигают, а крышку	поднимают
У треугольника три угла, а у квадрата	четыре
У машины есть колеса, а у самолета есть	крылья
Существительное обозначает предмет, а глагол —	действие
Плотность равна масса разделить на	объем
Если воду охладить до 0 градусов, она	замерзнет
Компас показывает магнитный север, а Полярная звезда — истинный	север
Облака плывут по	небу
Если А меньше Б, то Б	больше
Январь — зимний месяц, а июль —	летний
Земля — третья планета от	Солнца
Сердце качает кровь, а легкие качают	воздух
У рыбы есть жабры и	плавники
Бабушка старая, а внучка	молодая
Семеро одного не	ждут
Поезд движется по рельсам, а автобус по	дороге
Слива — фрукт, а картофель —	овощ
Если сегодня 1-е число, то завтра	2-е
20 + 20 =	40
В сутках секунд	86400
Мокрый — это не сухой, а сухой — это не	мокрый
Сандалии — летняя обувь, а валенки —	зимняя
При смешивании всех цветов радуги получается	белый
Кран на кухне, душ в	ванной
Ночью темно, а днем	светло
Брюки длинные, а шорты	короткие
Ракета летит в космос, самолет летит в	атмосфере
Мальчик вырастает в мужчину, а девочка в	женщину
Камень твердый, а пух	мягкий
Волк воет, собака	лает
Если сторону квадрата увеличить в 3 раза, площадь увеличится в 9	раз
2 в кубе равно	8
Январь начинается год, декабрь	заканчивается
Голодный хочет есть, а жаждущий хочет	пить
Если на улице мороз, нужно надеть	шапку
Зимние месяцы — это декабрь, январь и	февраль
Не имей сто рублей, а имей сто	друзей
Если повернуть направо три раза, это то же самое, что повернуть	налево
Чтобы резать бумагу, нужны	ножницы
5 умножить на 5 равно	25
100 - 1 =	99
Гром гремит, молния	сверкает
Пистолет маленький, а пушка	большая
Ресторан дорогой, а столовая	дешевая
Москва — столица России, а Париж — столица	Франции
Восход солнца на востоке, а закат на	западе
Затем умножение и	деление
Врач лечит, а учитель	учит
Вода утоляет жажду, а еда утоляет	голод
Пасха — весной, Рождество —	зимой
Сумма квадратов катетов равна квадрату	гипотенузы
Кровь красная, трава	зеленая
Самое большое двузначное число —	99
Рюкзак за спиной, путь под	ногами
Последовательность: A, B, C,	D
Он — это мужчина, а она — это	женщина
15 + 15 =	30
Отпуск дают раз в год, а выходные каждую	неделю
Белое — это не черное, а черное — это не	белое
Левое слева, правое	справа
Завтрак утром, ужин	вечером
Длина окружности равна 2 * Пи *	R
Если на улице дождь, асфальт становится	мокрым
Стихи имеют рифму, а проза	нет
200 + 200 =	400
Если А больше Б, то Б	меньше
Сумо — японская борьба, дзюдо — тоже	японская
Четверть от 100 — это	25
У круга нет	углов
Победитель получает золото, второй —	серебро
Алфавит начинается с буквы	А
На 5 делится любое число, которое заканчивается на 0 или	5
Мегабайт — это 1024	килобайта
Ар (сотка) — это площадь 10 на 10	метров
Океан соленый, а река	пресная
4 + 4 =	8
Акула — это рыба, а дельфин — это	млекопитающее
Танк едет на гусеницах, а джип на	колесах
Если вчера было 28 февраля (не високосный), то сегодня 1	марта
Внутреннее внутри, внешнее	снаружи
Зоопарк — тюрьма для зверей, заповедник — охраняемая	территория
Если вчера было 31 декабря, то сегодня 1	января
Парус ловит ветер, а крыло создает подъемную	силу
Слуховой аппарат помогает лучше	слышать
У правильного пятиугольника угол равен 108	градусов
Робот — машина, а человек — живое	существо
Засуха — нет воды, а наводнение — много	воды
Синий и желтый дают	зеленый
Луна — спутник Земли, Фобос — спутник	Марса
Число, идущее перед 1000, это	999
Римская цифра M — это	1000
Квадратный корень из 49 равен	7
Атом — мельчайшая частица, молекула состоит из	атомов
Скульптор лепит, а художник	рисует
Флешка хранит данные, а процессор их	обрабатывает
Из песка делают стекло, из глины —	кирпич
В 1 рубле 100	копеек
В футбол играют на поле, в теннис на	корте
Если радиус увеличить в 2 раза, площадь увеличится в 4	раза
3 + 3 =	6
Летом мы едем на	море
Напряжение равно ток умножить на сопротивление	(U=IR)
Если сегодня воскресенье, то завтра будет	понедельник
Математическая константа 'e' примерно равна	2.718
Север противоположен югу, а восток противоположен	западу
Если воду нагреть до 100 градусов, она	закипит
Колонки воспроизводят звук, а микрофон его	записывает
Самое большое трехзначное число —	999
Осенние месяцы — это сентябрь, октябрь и	ноябрь
Слово — серебро, а молчание —	золото
Удвоенное число 50 — это	100
10 + 10 =	20
80 - 1 =	79
Вашингтон — столица	США
Квадратный корень из 4 равен	2
Сон восстанавливает силы, а еда дает	энергию
Столица Великобритании —	Лондон
Метро быстрое, а пробка	медленная
Черепаха медленная, а заяц	быстрый
Столица Италии —	Рим
Если книга толстая, в ней много	страниц
Шахтер работает в шахте, а фермер на	ферме
Поезд едет по рельсам, а машина по	дороге
Если все стороны треугольника равны, он называется	равносторонний
12 + 12 =	24
Полный оборот — это 360	градусов
Если X больше Y, а Y больше Z, то X больше	Z
Апельсин оранжевый, а огурец	зеленый
Небо вверху, а земля	внизу
Если A равно B, а B равно C, то A равно	C
Солнце встает на востоке, садится на	западе
Самолет летает по воздуху, а корабль плывет по	воде
Килограмм — это 1000 грамм, тонна — это 1000	килограмм
Самое маленькое трехзначное число —	100
Квадратный корень из 9 равен	3
10.5 + 0.5 =	11
Я — это первое лицо, ты — это	второе
У зверя шерсть, у человека	волосы
Крест — символ христианства, полумесяц — символ	ислама
Лед холодный, а кипяток	горячий
В футболе мяч пинают, а в баскетболе его	бросают
Треугольник со сторонами 3, 4, 5 является	прямоугольным
Дюжина — это 12, а полдюжины — это	6
555 + 1 =	556
Ноль — это не положительное и не	отрицательное
Эхо повторяет звук, зеркало повторяет	изображение
Завод производит, а склад	хранит
Биология изучает жизнь, география изучает	Землю
Правая рука справа, а левая	слева
Джунгли находятся в тропиках, а тундра на	севере
Если Саша сильнее Паши, то Паша	слабее
400 + 400 =	800
Часы показывают время, календарь показывает	дату
Шарф носят на шее, а шапку на	голове
100 + 100 =	200
40, 30, 20,	10
Если сейчас 13:00, то через час будет	14:00
Плюс — это знак	сложения
Глаза нужны, чтобы видеть, а уши, чтобы	слышать
Полюс холодный, а экватор	жаркий
Скорость света быстрее скорости	звука
Если Маша старше Пети, то Петя	младше
Волейбол — через сетку, баскетбол — в	корзину
Мяч круглый, а кубик	квадратный
Яблоко — это фрукт, а огурец — это	овощ
Зубы нужны, чтобы жевать, а ноги, чтобы	ходить
Половина от 10 — это 5, а половина от 20 — это	10
Скорость света — это максимальная скорость в	природе
1000 + 1000 =	2000
1000 метров составляют один	километр
Змея ползает, ящерица	бегает
Число, идущее после 999, это	1000
Прыжок — это вверх, приседание — это	вниз
В театре сцена для актеров, а зал для	зрителей
Амазонка — в Южной Америке, а Нил — в	Африке
В сутках двадцать четыре	часа
Черное и белое — это	противоположности
Зеркало отражает, а стекло	пропускает
Фотография застывший миг, видео — движение во	времени
Высота треугольника опускается на сторону под углом 90	градусов
Секундная стрелка быстрая, часовая	медленная
10 разделить на 2 равно	5
Птицы летают по небу, а рыбы плавают в	воде
Клетка — основа жизни, вирус — неклеточная	форма
Бинарный код состоит из нулей и	единиц
Если А = 2, а Б = 2, то А + Б =	4
Ложечка — уменьшительное от	ложка
Если книга скучная, ее не хочется	читать
Укол делают шприцем, а температуру меряют	градусником
В сутках 24 часа. Половина суток — это	12
Парсек — это единица измерения	расстояния
Вода жидкая, а камень	твердый
Химическая формула воды	H2O
Чай пьют горячим, а лимонад	холодным
Большое больше маленького, а маленькое меньше	большого
Тысяча — это число	1000
Баклажан фиолетовый, помидор	красный
Математика — царица наук, арифметика — раздел	математики
Флаг России трехцветный, а флаг Японии	двухцветный
Цирк — арена, театр —	сцена
Чтобы позвонить, нужен номер	телефона
Лучше поздно, чем	никогда
Племянник — это сын брата или	сестры
Огурцы — это овощи, а яблоки — это	фрукты
Микроскоп увеличивает маленькое, а телескоп приближает	далекое
100 сантиметров составляют один	метр
0.5 + 0.5 =	1
50 - 1 =	49
Заяц меняет шубу: зимой белая, летом	серая
В одном килограмме граммов	1000
Штаны надевают на ноги, а шапку на	голову
40 + 40 =	80
Полное затмение Солнца бывает, когда Луна закрывает	Солнце
Белое — это цвет, а круглое — это	форма
После воскресенья наступает	понедельник
Уши нужны, чтобы	слышать
Если 2 плюс 2 равно 4, то 4 плюс 4 равно	8
Рыбы плавают, а птицы	летают
Астрономическая единица — это расстояние от Земли до	Солнца
Поляна в лесу, оазис в	пустыне
1 в любой степени равно	1
У велосипеда два колеса, у трицикла	три
В алгебре a, b, c обычно обозначают	коэффициенты
Батарейка дает электричество, а печка дает	тепло
В крестики-нолики поле 3 на	3
Бейсбол популярен в США, футбол — в	Европе
111 + 1 =	112
Число, идущее перед 100, это	99
0.1 плюс 0.1 равно	0.2
900 - 1 =	899
Метр — это 100 сантиметров, километр — это 1000	метров
Закат бывает вечером, а рассвет	утром
Ночь темная, а день	светлый
6 умножить на 2 равно	12
Новый год наступает 1	января
Вертикальные углы между собой	равны
Диаметр — это два	радиуса
Меркурий — самая маленькая	планета
Сердце стучит, легкие	дышат
У шахматной доски клеток 8 на	8
298, 299, 300,	301
Эйфелева башня в Париже, а Кремль в	Москве
Если X больше Y, то Y меньше	X
Вопросительное предложение заканчивается знаком	вопроса
Последовательность: 1, 1, 2, 3, 5,	8
Марс — красная	планета
Радуга появляется после	дождя
Золото дорогое, а железо	дешевое
В математике x, y, z обычно обозначают	неизвестные
Марс — красная планета, а Земля —	голубая
Слон большой, а мышь	маленькая
Если Света старше Оли, то Оля	младше
Пекарь печет хлеб, а повар готовит	еду
Без еды человек не может	жить
Мать моей матери — это моя	бабушка
Парашют нужен для прыжка, а акваланг для	погружения
Отец моей матери — это мой	дедушка
День Победы отмечают 9	мая
Луна светит отраженным	светом
Если x - 3 = 7, то x =	10
Ватман — это бумага, а гуашь — это	краска
Шестьдесят разделить на два равно	тридцать
Триатлон включает плавание, бег и	велосипед
Лев — царь зверей, а орел — царь	птиц
Млечный Путь — это наша	галактика
Красный и желтый дают	оранжевый
Десятка — это число	10
Век живи — век	учись
Дятел долбит дерево, кукушка подбрасывает	яйца
Уголь черный, а снег	белый
Или длина окружности равна Пи умножить на	диаметр
Зубная паста для зубов, а шампунь для	волос
100 разделить на 2 равно	50
Парк для прогулок, а стадион для	спорта
40 - 1 =	39
Хоккей — зимний вид спорта, а футбол —	летний
Пекин — столица	Китая
Железо — это металл, а кислород — это	газ
Медведь спит в берлоге, а птица в	гнезде
Пи — это 3.14, а Е — это	2.71
70 - 1 =	69
Свинарник для свиней, коровник для	коров
Вертолет имеет винт, самолет имеет	крылья
Врачи работают в больницах, а учителя в	школах
Антарктида — самый холодный	континент
Зима холодная, лето	теплое
Бумага горит, а вода тушит	огонь
У куба граней	6
Природа — это естественное, культура — это	искусственное
Если сегодня суббота, то завтра будет	воскресенье
Удвоенное число 10 — это	20
Световой год — это мера	расстояния
Прямая не имеет ни начала, ни	конца
7, 14, 21,	28
Если сложить 10 и 20, получится	30
Курятник для кур, голубятня для	голубей
Эверест — самая высокая гора, а Байкал — самое глубокое	озеро
Январь — первый месяц года, а декабрь —	последний
Мужчина — это он, а женщина — это	она
Гексагон — это	шестиугольник
Сотня — это число	100
Лягушка квакает, а утка	крякает
Длина окружности равна два Пи умножить на	радиус
Роза — цветок, а дуб —	дерево
Линия имеет длину, но не имеет	ширины
Вход — чтобы войти, выход — чтобы	выйти
Лампочка светит, когда она	включена
Венера — утренняя звезда, Сириус — самая яркая	звезда
В алфавите А — первая буква, Я —	последняя
Засуха губит урожай, дождь его	спасает
Крыша защищает от дождя, стены от	ветра
Глаза боятся, а руки	делают
Огонь горячий, а снег	холодный
Если у треугольника все углы острые, он	остроугольный
Если 5 умножить на 5, будет	25
Если ты устал, нужно	отдохнуть
Загадка требует ответа, а задача —	решения
Зубы чистят зубной	щеткой
Комедия смешная, а трагедия	грустная
Камин в доме, костер в	лесу
Последовательность: А, Б, В,	Г
Любовь соединяет, а ненависть	разъединяет
Летучая мышь спит вниз головой, цапля спит на одной	ноге
Сначала выполняются действия в	скобках
0.1 + 0.1 =	0.2
Корабль останавливается в порту, а поезд на	вокзале
Режиссер снимает фильм, а композитор пишет	музыку
График квадратичной функции — это	парабола
Порт протокола HTTPS по умолчанию	443
1234 — это тысяча двести тридцать	четыре
400 - 1 =	399
2 умножить на 3 равно	6
Карандашом пишут, а ластиком	стирают
Последовательность: 10, 20, 30,	40
У правильного треугольника угол равен 60	градусов
Мать моего отца — это моя	бабушка
Трава зеленая, а небо	голубое
Свидетельство о рождении — первый	документ
Последовательность: 1, 2, 3,	4
Роза — это цветок, а береза — это	дерево
Грузовик везет груз, автобус везет	пассажиров
Семь раз отмерь, один раз	отрежь
Дети ходят в школу, а взрослые на	работу
Если сегодня пятница, то завтра будет	суббота
Актер играет в театре, а клоун в	цирке
Депо для трамваев, конюшня для	лошадей
Площадь круга равна Пи умножить на квадрат	радиуса
Медаль золотая за первое место, серебряная за	второе
Конверт — для письма, а кошелек — для	денег
11 + 11 =	22
Июнь начало лета, август конец	лета
Квадратный корень из 9 — это 3, из 16 — это	4
Автобус большой, микроавтобус	маленький
Дробь 1/2 — это ноль целых и пять	десятых
Париж — столица	Франции
Праздник — веселье, похороны —	грусть
У машины есть руль и	колеса
Браслет надевают на	запястье
В часе шестьдесят минут, а в минуте шестьдесят	секунд
Червяк в земле, рыба в	воде
Сегодня — настоящее, вчера — прошлое, а завтра —	будущее
Без труда не выловишь и рыбку из	пруда
Ураган — это ветер, а ливень — это	дождь
Солнце — это звезда, Земля — это	планета
Если 2x = 8, то x =	4
Диск круглый, а флешка	прямоугольная
100, 90, 80,	70
Шахматы — настольная игра, а футбол —	спортивная
История изучает прошлое, футурология изучает	будущее
Последовательность: 11, 22, 33,	44
Дорога для машин, тротуар для	пешеходов
День сменяет ночь, а лето сменяет	осень
В равностороннем треугольнике все углы 60	градусов
Свадьба — создание семьи, развод —	распад
Любое число в степени ноль равно	единице
В сутках 24 часа, в двух сутках	48
Кольцо носят на пальце, а часы на	запястье
Дуэт — это 2 человека, трио — это	3
Произведение двух нечетных чисел всегда	нечетное
Гимнаст гибкий, штангист	сильный
Понедельник — первый день недели, а воскресенье —	последний
Солнце дает свет и	тепло
Перекресток — пересечение дорог, тупик — конец	дороги
Кости образуют скелет, а мышцы приводят его в	движение
Развернутый угол — это 180	градусов
Температура кипения воды (С) —	100
Гигабайт — это 1024	мегабайта
Дважды два —	четыре
Марафон — это длинная дистанция, спринт — это	короткая
Пассажир едет в автобусе, а пешеход идет по	тротуару
Минск — столица	Беларуси
Юпитер — самая большая	планета
Три плюс три равно	шесть
День знаний отмечают 1	сентября
Стекло прозрачное, а дерево	непрозрачное
Строитель строит дома, а врач лечит	людей
Река течет в море, а ручей в	реку
Если стакан наполовину пуст, он наполовину	полон
Параллельные прямые никогда не	пересекаются
Архитектор проектирует здания, а строитель их	строит
Готовь сани летом, а телегу	зимой
Палатка для похода, а коттедж для	отдыха
Кенгуру живет в Австралии, а белый медведь в	Арктике
Если смешать красный и синий, получится	фиолетовый
Если разрезать яблоко пополам, получится две	половины
В 1 сантиметре 10	миллиметров
Интернет — это всемирная	сеть
Горизонталь — это лево-право, а вертикаль — это	верх-низ
Перчатки надевают на	руки
Небоскреб высокий, а бункер	глубокий
Скорость равна путь разделить на	время
Левая рука слева, а правая рука	справа
200 - 1 =	199
Зонт нужен от дождя, а панама от	солнца
Волга впадает в Каспийское море, а Нил в	Средиземное
Флаг Японии: красный круг на белом	фоне
Стены удерживают крышу, а фундамент удерживает	стены
Борис ниже Антона, значит Антон	выше
Апельсин оранжевый, а лимон	желтый
Равнобедренная трапеция имеет равные боковые	стороны
Актер играет на сцене, а зритель сидит в	зале
У куба 6 граней, у игральной кости тоже	6
Если сегодня понедельник, то вчера было	воскресенье
Аптека для лекарств, а пекарня для	хлеба
Крыша защищает от	дождя
После зимы всегда наступает	весна
Кашу варят, а котлеты	жарят
Полдень — это 12	часов
Гитара — это инструмент, а вальс — это	танец
Весы нужны, чтобы взвешивать, а линейка, чтобы	измерять
Мужчина носит брюки, а женщина может носить	юбку
Ветеринар лечит животных, а педиатр лечит	детей
Любое число в нулевой степени равно	1
Церковь для христиан, мечеть для	мусульман
Корова дает молоко, а курица несет	яйца
Баскетбол — игра с	мячом
Долгая дорога начинается с первого	шага
Число, идущее перед 10, это	9
Первый пришел раньше, второй	позже
Сумма двух четных чисел всегда	четная
Если у треугольника один угол тупой, он	тупоугольный
10 в квадрате равно	100
Билет дает право проезда, а паспорт удостоверяет	личность
Скорость измеряют в км/ч, а вес в	килограммах
Если сегодня четверг, то вчера была	среда
Мир не без добрых	людей
Весенние месяцы — это март, апрель и	май
Половина от 20 — это	10
25 + 25 =	50
Дочь моих родителей — это моя	сестра
700 - 1 =	699
Сопрано — высокий голос, а бас —	низкий
Обувь носят на ногах, а шапку на	голове
Музыканты играют на	инструментах
У квадрата диагонали между собой	равны
Слезы соленые, а пот тоже	соленый
Красный, желтый и зеленый — это цвета	светофора
Квадратный корень из 16 равен	4
Галстук носят мужчины, а платок	женщины
Кенгуру живет в Австралии, а панда в	Китае
Библия — книга христиан, Коран — книга	мусульман
Если на часах 11:59, то через минуту	12:00
50% от числа равно его	половине
Верх наверху, низ	внизу
После числа 99 идет	100
Формула поваренной соли	NaCl
Программист пишет код, а тестировщик ищет	ошибки
333 + 1 =	334
Волк — дикое животное, а собака —	домашнее
Жених на свадьбе в костюме, а невеста в	платье
Градусник измеряет температуру, а часы измеряют	время
За двумя зайцами погонишься, ни одного не	поймаешь
У собаки щенки, а у кошки	котята
Штора на окно, скатерть на	стол
Атлантика — это океан, а Волга — это	река
Черепаха медленнее гепарда, значит гепард	быстрее
Что посеешь, то и	пожнешь
Суббота — шестой день, воскресенье —	седьмой
10 - 1 =	9
Детство — начало жизни, старость —	конец
Если идет дождь, асфальт становится	мокрым
Скатерть — на стол, а ковер — на	пол
Самое маленькое двузначное число —	10
Интернет — это сеть, а вай-фай — это беспроводная	связь
Президент управляет страной, а мэр управляет	городом
Для ходьбы нужны ноги, а для хватания нужны	руки
Чтобы увидеть свое отражение, нужно посмотреть в	зеркало
Помидор красный, а огурец	зеленый
Мост над рекой, а плотина перекрывает	реку
Предложение состоит из слов, а абзац из	предложений
Детей лечит педиатр, а животных	ветеринар
Квадратный корень из 36 равен	6
Очки носят на носу, а серьги в	ушах
Для вычисления площади прямоугольника нужно умножить длину на	ширину
Помада для губ, а тушь для	ресниц
Яблоко легче арбуза, значит арбуз	тяжелее
Мост через реку, тоннель сквозь	гору
Если А = 1, а Б = 2, то А + Б =	3
Собака — друг	человека
Прилагательное обозначает признак, а числительное —	количество
Паук плетет паутину, пчела строит	соты
Лондон стоит на Темзе, а Санкт-Петербург на	Неве
Вселенная бесконечна, а жизнь	конечна
Медведь впадает в спячку зимой, просыпается	весной
В одном километре метров	1000
Дополнительный день в високосном году — это 29	февраля
Если закрыть глаза, ничего не	видно
Зимой холодно, а летом	жарко
Если суп пересолен, в нем много	соли
Кино смотрят, а музыку	слушают
Ель зимой зеленая, и летом	зеленая
Дважды два это	четыре
Пять плюс пять равно	десять
Подушка мягкая, а кирпич	твердый
Днем звезды не	видны
Азбука начинается с А, цифры начинаются с	0
Луна — спутник	Земли
Среда — третий день, пятница —	пятый
Старый друг лучше новых	двух
Лето жаркое, зима	холодная
Камень твердый, а вата	мягкая
В радуге 7 цветов, в светофоре	3
Клик делают мышкой, а тач —	пальцем
Рождение — приход в мир, смерть —	уход
55, 66, 77,	88
Камень тяжелый, а перо	легкое
Бег — это быстро, ходьба — это	медленно
Пять умножить на ноль равно	ноль
У треугольника сумма углов 180, у квадрата	360
Умножение увеличивает, а деление	уменьшает
Будка — дом собаки, конюшня — дом	лошади
В пустыне жарко, в Арктике	холодно
Туман — это облако на земле, а облако — это туман в	небе
Повторение — мать	учения
Ремень держит брюки, а подтяжки тоже держат	брюки
Последовательность: 2, 4, 6,	8
Центр вписанной окружности лежит на пересечении	биссектрис
Лес состоит из деревьев, а город из	домов
Белое — это свет, а черное — это	тьма
У правильного шестиугольника угол равен 120	градусов
Телефон нужен для звонков, а телевизор для	просмотра
Северный полюс вверху карты, а Южный	внизу
В шестнадцатеричной системе после 9 идет	A
9.9 + 0.1 =	10
Честность уважают, а ложь	презирают
Нервы передают сигналы, а вены переносят	кровь
Глерея — собрание картин, а архив — собрание	документов
Гепард быстрее черепахи, значит черепаха	медленнее
8 умножить на 2 равно	16
Пчела живет в улье, а муравей в	муравейнике
Если сейчас 13:00, то час назад было	12:00
10 миллиметров составляют один	сантиметр
Кит живет в океане, а крот под	землей
Эверест — это гора, а Сахара — это	пустыня
Песочные часы сыпят песок, солнечные часы отбрасывают	тень
Земля третья планета, Марс	четвертая
Кроссворд разгадывают, а пазл	собирают
Огонь горячий, а лед	холодный
Тише едешь — дальше	будешь
Кукла для девочек, машинка для	мальчиков
Лучше синица в руках, чем журавль в	небе
Художник рисует картины, а писатель пишет	книги
Собака лает, караван	идет
600 - 1 =	599
Умный учится, а дурак	учит
Глазами мы смотрим, а ушами	слушаем
Белка запасает орехи на	зиму
У треугольника углов меньше, чем у	квадрата
30 + 30 =	60
1.5 + 1.5 =	3
Сумма противоположных чисел равна	нулю
Ручкой пишут, а ластиком	стирают
Если сегодня вторник, то вчера был	понедельник
Сауна — финская баня, хаммам —	турецкая
У рыбы чешуя, а у птицы	перья
У паука 8 ног, у двух пауков	16
Витамины полезны, а яды	вредны
Чистота — залог	здоровья
Солнце светит днем, а луна	ночью
Арбуз тяжелее яблока, значит яблоко	легче
Сумма двух нечетных чисел всегда	четная
666 + 1 =	667
Перчатки носят на руках, а носки на	ногах
Арбуз — это ягода, а морковь — это	овощ
Очки помогают лучше	видеть
Кровать нужна для сна, а стул для	сидения
Восклицательное предложение заканчивается знаком	восклицания
Стол из дерева, а бутылка из	стекла
Ювелир работает с золотом, а столяр с	деревом
Официант приносит еду, а повар ее	готовит
Если бросить мяч вверх, он упадет	вниз
Число, идущее после 109, это	110
Число Авогадро — это количество частиц в одном	моле
Последовательность: 20, 19, 18,	17
Центр описанной окружности лежит на пересечении серединных	перпендикуляров
Юпитер — самая большая планета, а Меркурий — самая	маленькая
Смех выражает радость, а плач выражает	грусть
Тюрьма для преступников, а монастырь для	монахов
Если уронить стекло, оно может	разбиться
Зимой идет снег, а обычным летом идет	дождь
Триллион — это тысяча	миллиардов
Если шутка смешная, люди	смеются
Мел пишет на	доске
Шерсть у овцы, а перья у	птицы
Хлеб режут ножом, а суп едят	ложкой
Квадратный корень из 100 равен	10
Если x + 2 = 5, то x =	3
Теннис — ракеткой, хоккей —	клюшкой
В игре судоку квадрат размером 9 на	9
Римская цифра X — это	10
В геометрии точка не имеет	размера
Йога для гибкости, медитация для	спокойствия
3 умножить на 4 равно	12
Кошка ловит мышей, собака охраняет	дом
Зимой идет снег, а летом часто светит	солнце
Киев — столица	Украины
Если вычесть 2 из 5, получим	3
Лимон кислый, банан	сладкий
Утюг гладит, стиральная машина	стирает
Время равно путь разделить на	скорость
Тарелочка — уменьшительное от	тарелка
Ведро для воды, а мусорка для	мусора
3 в кубе равно	27
Кровь течет по венам, а нервы передают	сигналы
После 31 декабря наступает 1	января
День светлый, а ночь	темная
222 + 1 =	223
Сад для деревьев, а огород для	овощей
Вдох — это вдохнуть, а выдох — это	выдохнуть
Миллион — это тысяча	тысяч
Кровь красная, а трава	зеленая
Перстень надевают на	палец
Точка пересечения медиан треугольника — это центр	тяжести
Утром солнце восходит, а вечером оно	заходит
90 - 1 =	89
Рюкзак за спиной, чемодан в	руке
Сумма внешних углов выпуклого многоугольника 360	градусов
Отель для туристов, а общежитие для	студентов
При смешивании красного и зеленого света получается а)	желтый
Библиотека для книг, а гараж для	машин
В неделе 7 дней, в двух неделях	14
Камень тонет, а дерево	плавает
Скелет состоит из костей, а кровь из	клеток
Повар готовит, а художник	рисует
Летние месяцы — это июнь, июль и	август
Если брат старше сестры, то сестра	младше
Флаг России: белый, синий,	красный
Квадрат числа четыре равен	шестнадцати
У человека пальцев на двух руках	10
888 + 1 =	889
Перпендикулярные прямые пересекаются под углом	90
Если отнять от 100 число 50, останется	50
Если выключить свет, станет	темно
Радиус — это половина	диаметра
RGB цвет (255,255,255) — это	белый
Теорема Пифагора применима к треугольникам и	прямоугольным
Столица России —	Москва
Семь раз отмерь, один	отрежь
Если сегодня четверг, то завтра будет	пятница
Флаг Канады: кленовый	лист
Зимой идет снег, а летом идет	дождь
Ежик колючий, а котенок	пушистый
Эволюция — развитие, деградация —	упадок
Полдник между обедом и	ужином
На экваторе жарко, а на полюсах	холодно
Путь равен скорость умножить на	время
В футболе забивают голы, а в баскетболе забрасывают	мячи
Столица Японии —	Токио
Ангел добрый, демон	злой
Муж моей матери — это мой	отец
Век живи, век	учись
Экватор делит Землю на Северное и Южное	полушарие
Хлеб — всему	голова
Сначала видим молнию, потом слышим	гром
Жук ползет, кузнечик	прыгает
Дорога для машин, а тротуар для	пешеходов
Огонь горячий, а лёд	холодный
У рыбы чешуя, у птицы	перья
Великая стена в Китае, а Тадж-Махал в	Индии
Если вчера был понедельник, позавчера было	воскресенье
Окна сделаны из	стекла
Октябрь — десятый месяц, ноябрь —	одиннадцатый
777 + 1 =	778
В 1 долларе 100	центов
Если предмет тонет, он тяжелее	воды
Если сегодня суббота, то завтра	воскресенье
Если Петя стоит слева от Маши, то Маша стоит справа от	Пети
Если сегодня воскресенье, то вчера была	суббота
Курица несет яйца, корова дает	молоко
Если сегодня пятница, то вчера был	четверг
Летучая мышь спит вниз головой, а цапля на одной	ноге
Если сложить 2 и 3, получим	5
У квадрата 4 угла, а у шестиугольника	6
В России говорят по-русски, а в Англии	по-английски
У велосипеда есть руль, и у машины есть	руль
Берег реки, опушка	леса
Мама моей мамы — моя	бабушка
Зонт нужен, когда идет	дождь
Число Эйлера (e) — основание логарифма и	натурального
Бинокль для двух глаз, а подзорная труба для	одного
Цепочка на шее, а часы на	руке
Воздушный змей летает, а кораблик	плавает
Двенадцать плюс двенадцать равно двадцать	четыре
Если из девяти вычесть три, останется	шесть
Небо голубое, облака	белые
У ножа есть лезвие, и у меча есть	лезвие
Суп едят из тарелки, а чай пьют из	чашки
Миллиард — это тысяча	миллионов
Для зрения нужны глаза, а для слуха нужны	уши
Банан желтый, а баклажан	фиолетовый
Угол меньше 90 градусов называется	острый
В магазин ходят	покупатели
Весна приходит после	зимы
Начало в начале, конец в	конце
Алмаз твердый, а графит	мягкий
Плавники нужны, чтобы	плавать
Парусник плывет от ветра, моторная лодка от	мотора
500 + 500 =	1000
Если предмет плавает, он легче	воды
10 умножить на 10 равно	100
Римская цифра L — это	50
Римская цифра C — это	100
Роман длинный, а рассказ	короткий
RGB цвет (0,0,0) — это	черный
Последовательность: 3, 6, 9,	12
Компас показывает стороны света, а барометр — атмосферное	давление
Компас показывает стороны света, а барометр	давление
Хлеб пекут из	муки
Молоток нужен, чтобы забивать	гвозди
Психология изучает душу, анатомия изучает	тело
Ампер — сила тока, Вольт —	напряжение
Две параллельные прямые никогда не	пересекаются
Подвал внизу, а чердак	наверху
Змея ползает, а кенгуру	прыгает
График обратной пропорциональности — это	гипербола
Птица летает, а рыба	плавает
Кит — млекопитающее, акула —	рыба
Из зерна делают муку, из муки —	хлеб
Если сегодня среда, то завтра будет	четверг
Облака плывут, звезды	мерцают
Число, идущее после 99, это	100
300 - 1 =	299
Каждый охотник желает знать, где сидит	фазан
Шахматы — настольная игра, футбол —	спортивная
Мощность измеряют в ваттах, а напряжение в	вольтах
Квартет — это 4 музыканта, трио — это	3
Яйцо имеет белок и	желток
Официант разносит еду, а швейцар открывает	двери
Один в поле не	воин
Ватт — мощность, Джоуль —	энергия
Муравьи живут в	муравейнике
Клубника растет на грядке, черника в	лесу
Из молока делают творог, из нефти —	бензин
Муравейник — дом муравьев, улей — дом	пчел
1000 килограммов составляют одну	тонну
Словарь переводит слова, атлас показывает	карты
Если на улице мороз, то вода превращается в	лед
Квадратный корень из 64 равен	8
Если сегодня пятница 13-е, то завтра суббота	14-е
Марс — красная планета, Земля —	голубая
20 разделить на 5 равно	4
Если две стороны треугольника равны, он называется	равнобедренный
Ромашка — полевой цветок, роза —	садовый
Храбрый — синоним смелого, а трусливый — антоним	смелого
Самолет садится в	аэропорту
Сахар сладкий, а лимон	кислый
Листья желтеют осенью, почки набухают	весной
Россия — это страна, а Москва — это	город
Морковь растет в земле, а яблоко на	дереве
В 1 метре 10 дециметров или 100	сантиметров
Строитель строит, а водитель	водит
В 1 евро 100	центов
Чтобы выпить чаю, нужно вскипятить	воду
Чтобы открыть замок, нужен	ключ
Продавец продает, а покупатель	покупает
Один ватт равен одному джоулю в	секунду
Материк большой, а остров	маленький
Вода замерзает и превращается в	лед
Холодильник охлаждает, а плита	нагревает
Дождь падает с неба, а дым поднимается	вверх
В прямоугольном равнобедренном треугольнике острые углы 45	градусов
Пустыня сухая, а болото	влажное
Столица Германии —	Берлин
Рынок для торговли, а магазин для	покупок
500 - 1 =	499
Самолет летит по воздуху, а корабль плывет по	воде
Столица Франции —	Париж
Каждый охотник желает знать где сидит	фазан
Кошелек для денег, ключница для	ключей
Глубина измеряется вниз, а высота	вверх
Сова охотится ночью, орел охотится	днем
После буквы А идет Б, а после В идет	Г
В году 365 дней, а в високосном	366
Солнце дает свет, печка дает	тепло
20 - 1 =	19
Орел — птица, а щука —	рыба
Угол 45 градусов — это половина прямого	угла
Вода мокрая, а песок в пустыне	сухой
Объем измеряют в литрах, а расстояние в	метрах
Кольцо носят на пальце, а браслет на	запястье
Ученье — свет, а неученье —	тьма
Ручка оставляет след на	бумаге
Земля вращается вокруг Солнца, а Луна вокруг	Земли
Число, идущее после 199, это	200
Жизнь начинается рождением, а заканчивается	смертью
Килобайт — это 1024	байта
Кирпич тяжелый, а перо	легкое
Половина от 100 — это	50
Книга — источник знаний, интернет — источник	информации
Скидка уменьшает цену, наценка	увеличивает
